{
  "project_info": {
    "project_number": "475976953800",
    "project_id": "strayhaven-9f261",
    "storage_bucket": "strayhaven-9f261.appspot.com"
  },
  "client": [
    {
      "client_info": {
        "mobilesdk_app_id": "1:475976953800:android:a84c3b75bd716700bd1afd",
        "android_client_info": {
          "package_name": "com.mobdeve.s11.manuel.tang.strayhaven"
        }
      },
      "oauth_client": [
        {
          "client_id": "475976953800-r9q3k0v5to639esls2e870mh3mtdct9m.apps.googleusercontent.com",
          "client_type": 3
        }
      ],
      "api_key": [
        {
          "current_key": "AIzaSyB-j7OndUL0JSW9S5WpFeb0ipeCq44OrQo"
        }
      ],
      "services": {
        "appinvite_service": {
          "other_platform_oauth_client": [
            {
              "client_id": "475976953800-r9q3k0v5to639esls2e870mh3mtdct9m.apps.googleusercontent.com",
              "client_type": 3
            }
          ]
        }
      }
    }
  ],
  "configuration_version": "1"
}